State,Business,Holiday,Other,Visiting
ACT,10933.9311812,11014.2276125,2178.4444297,13669.6179528
New South Wales,93089.655812,224815.87433,21636.0106171,185271.577667
Northern Territory,23068.581646,62904.945757,4379.2395624,26606.247493
Queensland,68591.03831999999,160277.920488,16273.1377795,116390.934279
South Australia,21162.4334263,49682.693172,5835.684801,34097.139315
Victoria,59073.644085,168002.023946,14190.8932869,124591.371469
Western Australia,30559.336415,57584.69616,6718.2813134,39212.24025
